<?xml version="1.0" encoding="UTF-8"?>
<project-private xmlns="http://www.netbeans.org/ns/project-private/1">
    <editor-bookmarks xmlns="http://www.netbeans.org/ns/editor-bookmarks/2" lastBookmarkId="0"/>
    <open-files xmlns="http://www.netbeans.org/ns/projectui-open-files/2">
        <group>
            <file>file:/E:/dbms/JavaApplication1/src/javaapplication1/Login.java</file>
            <file>file:/E:/dbms/JavaApplication1/src/javaapplication1/Account_Balance.java</file>
            <file>file:/E:/dbms/JavaApplication1/src/javaapplication1/Registratio.java</file>
            <file>file:/E:/dbms/JavaApplication1/src/javaapplication1/OrderChequeBook.java</file>
            <file>file:/E:/dbms/JavaApplication1/src/javaapplication1/Create_Account.java</file>
            <file>file:/E:/dbms/JavaApplication1/src/javaapplication1/Welcome.java</file>
            <file>file:/E:/dbms/JavaApplication1/src/javaapplication1/Billpayment.java</file>
            <file>file:/E:/dbms/JavaApplication1/src/javaapplication1/Home.java</file>
        </group>
    </open-files>
</project-private>
